Codigo,Nombre_Comercial,Nombre_Generico,Marca,Concentracion,Forma_Farmaceutica,Categoria,Fabricante,Proveedor_Principal,Descripcion,Ingredientes_Activos,Indicaciones,Contraindicaciones,Efectos_Secundarios,Instrucciones_Dosificacion,Condicion_Almacenamiento,Requiere_Receta,Sustancia_Controlada,Programa_Control
CHU-001,Aceite de bacalao 30% 200 ml,Aceite de hígado de bacalao,,30%,Jarabe,Suplemento,,,Suplemento vitamínico,,,,,,Temperatura Ambiente,No,No,
CHU-002,Alergin 60 ml,,,60ml,Jarabe,Antihistamínico,,,Antihistamínico,,,,,,Temperatura Ambiente,No,No,
CHU-003,Ambroxol 30 mg jarabe adulto,Ambroxol,,30mg,Jarabe,Respiratorio,,,Mucolítico y expectorante,,,,,,Temperatura Ambiente,No,No,
CHU-004,Ambroxol 15 mg jarabe pediátrico,Ambroxol,,15mg,Jarabe,Respiratorio,,,Mucolítico pediátrico,,,,,,Temperatura Ambiente,No,No,
CHU-005,Amoxicilina 250 mg 100 ml jarabe,Amoxicilina,,250mg/100ml,Jarabe,Antibiótico,,,Antibiótico betalactámico,,,,,,Temperatura Ambiente,Sí,No,
CHU-006,Amoxicilina 500 mg 100 ml jarabe,Amoxicilina,,500mg/100ml,Jarabe,Antibiótico,,,Antibiótico betalactámico,,,,,,Temperatura Ambiente,Sí,No,
CHU-007,Amoxicilina 500 mg,Amoxicilina,,500mg,Comprimido,Antibiótico,,,Antibiótico betalactámico,,,,,,Temperatura Ambiente,Sí,No,
CHU-008,Amoxicilina + A.clavulánico 250+62.5 60ml,Amoxicilina + Ácido Clavulánico,,250+62.5mg,Jarabe,Antibiótico,,,Antibiótico combinado,,,,,,Temperatura Ambiente,Sí,No,
CHU-009,Amoxicilina + A.clavulánico,Amoxicilina + Ácido Clavulánico,,,Comprimido,Antibiótico,,,Antibiótico combinado,,,,,,Temperatura Ambiente,Sí,No,
CHU-010,Agua destilada 5 ml,Agua destilada,,5ml,Ampolla,Otro,,,Agua para inyección,,,,,,Temperatura Ambiente,No,No,
CHU-011,Agua destilada 10 ml,Agua destilada,,10ml,Ampolla,Otro,,,Agua para inyección,,,,,,Temperatura Ambiente,No,No,
CHU-012,Agua esterilizada 5 ml,Agua esterilizada,,5ml,Ampolla,Otro,,,Agua estéril para inyección,,,,,,Temperatura Ambiente,No,No,
CHU-013,Lidocaína 2% 10 ml,Lidocaína,,2%,Ampolla,Analgésico,,,Anestésico local,,,,,,Temperatura Ambiente,Sí,No,
CHU-014,Agujas de sutura 3 U,Agujas quirúrgicas,,3U,Insumo,Otro,,,Material quirúrgico,,,,,,Temperatura Ambiente,No,No,
CHU-015,Ácido tranexámico,Ácido tranexámico,,,Comprimido,Otro,,,Antifibrinolítico,,,,,,Temperatura Ambiente,Sí,No,
CHU-016,Ácido Fólico,Ácido Fólico,,,Comprimido,Suplemento,,,Suplemento vitamínico,,,,,,Temperatura Ambiente,No,No,
CHU-017,Alcafen,Ibuprofeno,,,Comprimido,Analgésico,,,Antiinflamatorio no esteroideo,,,,,,Temperatura Ambiente,No,No,
CHU-018,Alcohol medicinal 60 ml,Alcohol etílico,,60ml,Líquido,Otro,,,Antiséptico,,,,,,Temperatura Ambiente,No,No,
CHU-019,Alcohol gel litro,Alcohol en gel,,1000ml,Gel,Otro,,,Antiséptico en gel,,,,,,Temperatura Ambiente,No,No,
CHU-020,Alcohol atomizador,Alcohol etílico,,,Spray,Otro,,,Antiséptico en atomizador,,,,,,Temperatura Ambiente,No,No,
CHU-021,Alcohol en gel pequeño,Alcohol en gel,,,Gel,Otro,,,Antiséptico en gel,,,,,,Temperatura Ambiente,No,No,
CHU-022,Alcohol en gel 1 litro,Alcohol en gel,,1000ml,Gel,Otro,,,Antiséptico en gel,,,,,,Temperatura Ambiente,No,No,
CHU-023,Alcofex,Ibuprofeno,,,Comprimido,Analgésico,,,Antiinflamatorio no esteroideo,,,,,,Temperatura Ambiente,No,No,
CHU-024,Agua oxigenada 50ml,Peróxido de hidrógeno,,50ml,Líquido,Otro,,,Antiséptico,,,,,,Temperatura Ambiente,No,No,
CHU-025,Algodón 400 g,Algodón hidrófilo,,400g,Insumo,Otro,,,Material de curación,,,,,,Lugar Seco,No,No,
CHU-026,Algodón 100 g,Algodón hidrófilo,,100g,Insumo,Otro,,,Material de curación,,,,,,Lugar Seco,No,No,
CHU-027,Algodón 10 g,Algodón hidrófilo,,10g,Insumo,Otro,,,Material de curación,,,,,,Lugar Seco,No,No,
CHU-028,Ampicilina 1 g,Ampicilina,,1g,Ampolla,Antibiótico,,,Antibiótico betalactámico,,,,,,Temperatura Ambiente,Sí,No,
CHU-029,Ampicilina 500 mg,Ampicilina,,500mg,Comprimido,Antibiótico,,,Antibiótico betalactámico,,,,,,Temperatura Ambiente,Sí,No,
CHU-030,Atorvastatina 20 mg,Atorvastatina,,20mg,Comprimido,Cardiovascular,,,Hipolipemiante,,,,,,Temperatura Ambiente,Sí,No,
CHU-031,Atorvastatina 10 mg,Atorvastatina,,10mg,Comprimido,Cardiovascular,,,Hipolipemiante,,,,,,Temperatura Ambiente,Sí,No,
CHU-032,ASA 100 mg,Ácido Acetilsalicílico,,100mg,Comprimido,Cardiovascular,,,Antiagregante plaquetario,,,,,,Temperatura Ambiente,No,No,
CHU-033,Aceite de almendra líquida,Aceite de almendras,,,Líquido,Dermatológico,,,Emoliente,,,,,,Temperatura Ambiente,No,No,
CHU-034,Aceite de romero pomada,Aceite de romero,,,Pomada,Dermatológico,,,Producto tópico,,,,,,Temperatura Ambiente,No,No,
CHU-035,Aceite de ricino pomada,Aceite de ricino,,,Pomada,Dermatológico,,,Laxante/uso tópico,,,,,,Temperatura Ambiente,No,No,
CHU-036,ACIDO ACETICO SOL. 10CC,Ácido acético,,10ml,Solución,Otro,,,Solución antiséptica,,,,,,Temperatura Ambiente,No,No,
CHU-037,ASLEX,,,Ampolla,Otro,,,Medicamento inyectable,,,,,,Temperatura Ambiente,Sí,No,
CHU-038,ASA 500 mg,Ácido Acetilsalicílico,,500mg,Comprimido,Analgésico,,,Analgésico antiinflamatorio,,,,,,Temperatura Ambiente,No,No,
CHU-039,Aciclovir 200 mg,Aciclovir,,200mg,Comprimido,Antiviral,,,Antiviral para herpes,,,,,,Temperatura Ambiente,Sí,No,
CHU-040,Acetil cisteína 600 mg,Acetilcisteína,,600mg,Comprimido,Respiratorio,,,Mucolítico,,,,,,Temperatura Ambiente,No,No,
CHU-041,Acetil cisteína,Acetilcisteína,,,Ampolla,Respiratorio,,,Mucolítico inyectable,,,,,,Temperatura Ambiente,No,No,
CHU-042,Amlodipina 10 mg,Amlodipina,,10mg,Comprimido,Cardiovascular,,,Antihipertensivo,,,,,,Temperatura Ambiente,Sí,No,
CHU-043,Atenolol 100 mg,Atenolol,,100mg,Comprimido,Cardiovascular,,,Betabloqueador,,,,,,Temperatura Ambiente,Sí,No,
CHU-044,Ajo,Ajo,,,Comprimido,Suplemento,,,Suplemento cardiovascular,,,,,,Temperatura Ambiente,No,No,
CHU-045,AFUNGIL,,,Comprimido,Otro,,,Antifúngico,,,,,,Temperatura Ambiente,No,No,
CHU-046,Aspirador nasal para bebe,Aspirador nasal,,,Otro,Otro,,,Dispositivo médico,,,,,,Temperatura Ambiente,No,No,
CHU-047,Ajuar para bebe,Ajuar,,,Otro,Otro,,,Artículo para bebé,,,,,,Temperatura Ambiente,No,No,
CHU-048,ATOMIZADOR,Atomizador,,,Otro,Otro,,,Dispositivo médico,,,,,,Temperatura Ambiente,No,No,
CHU-049,Arum decolorante,,,Otro,Otro,,,Producto cosmético,,,,,,Temperatura Ambiente,No,No,
CHU-050,Autogrip H3N,Vacuna influenza,,,Otro,Vacuna,,,Vacuna contra influenza,,,,,,Refrigerado,Sí,No,
CHU-051,Alcafem hematuria,,,Comprimido,Otro,,,Medicamento para vías urinarias,,,,,,Temperatura Ambiente,Sí,No,
CHU-052,Azitromicina 500mg,Azitromicina,,500mg,Comprimido,Antibiótico,,,Antibiótico macrólido,,,,,,Temperatura Ambiente,Sí,No,
CHU-053,Betaprotector solar,Protector solar,,,Crema,Dermatológico,,,Protector solar,,,,,,Temperatura Ambiente,No,No,
CHU-054,Batas desechables,Batas,,,Insumo,Otro,,,Material de protección,,,,,,Lugar Seco,No,No,
CHU-055,Barbijos desechables de tela,Mascarillas,,,Insumo,Otro,,,Material de protección,,,,,,Lugar Seco,No,No,
CHU-056,Betun líquido para cabrado,,,Líquido,Otro,,,Producto veterinario/otro,,,,,,Temperatura Ambiente,No,No,
CHU-057,Bicarbonato de sodio sobre,Bicarbonato de sodio,,,Sobre,Gastrointestinal,,,Antiácido,,,,,,Temperatura Ambiente,No,No,
CHU-058,Bicarbonato de sodio ampolla,Bicarbonato de sodio,,,Ampolla,Otro,,,Alcalinizante,,,,,,Temperatura Ambiente,Sí,No,
CHU-059,Biverin chiclirica toy toy 60 ml,,,60ml,Jarabe,Respiratorio,,,Medicamento respiratorio,,,,,,Temperatura Ambiente,No,No,
CHU-060,Biverin chiclirica toy toy 50 ml,,,50ml,Jarabe,Respiratorio,,,Medicamento respiratorio,,,,,,Temperatura Ambiente,No,No,
CHU-061,Biverin chiclirica toy toy 120 ml,,,120ml,Jarabe,Respiratorio,,,Medicamento respiratorio,,,,,,Temperatura Ambiente,No,No,
CHU-062,Biverin chiclirica toy toy 240 ml,,,240ml,Jarabe,Respiratorio,,,Medicamento respiratorio,,,,,,Temperatura Ambiente,No,No,
CHU-063,Biverin solución hemoptisis 250 ml,,,250ml,Solución,Respiratorio,,,Medicamento hemostático,,,,,,Temperatura Ambiente,Sí,No,
CHU-064,Biverin stravit 60 ml,,,60ml,Jarabe,Suplemento,,,Suplemento vitamínico,,,,,,Temperatura Ambiente,No,No,
CHU-065,Blancadex,,,Comprimido,Otro,,,Producto de higiene oral,,,,,,Temperatura Ambiente,No,No,
CHU-066,Biomil plus,,,Comprimido,Suplemento,,,Suplemento nutricional,,,,,,Temperatura Ambiente,No,No,
CHU-067,Butil bromuro de hioscina 10 mg,Hioscina,,10mg,Ampolla,Gastrointestinal,,,Antiespasmódico,,,,,,Temperatura Ambiente,Sí,No,
CHU-068,Butil bromuro de hioscina 10 mg,Hioscina,,10mg,Comprimido,Gastrointestinal,,,Antiespasmódico,,,,,,Temperatura Ambiente,No,No,
CHU-069,Bolsa colectora de orina bolsa insumo,Bolsa colectora,,,Insumo,Otro,,,Dispositivo médico,,,,,,Temperatura Ambiente,No,No,
CHU-070,Bolsas para bebe,Bolsas,,,Otro,Otro,,,Artículo para bebé,,,,,,Temperatura Ambiente,No,No,
CHU-071,Bisoprolol,Bisoprolol,,,Comprimido,Cardiovascular,,,Betabloqueador,,,,,,Temperatura Ambiente,Sí,No,
CHU-072,Bostezt insumo,,,Insumo,Otro,,,Dispositivo médico,,,,,,Temperatura Ambiente,No,No,
CHU-073,BRANIAA ZZR X B,,,Otro,Otro,,,Producto sin información,,,,,,Temperatura Ambiente,No,No,
CHU-074,BRANIAA ZÜRH,,,Otro,Otro,,,Producto sin información,,,,,,Temperatura Ambiente,No,No,
CHU-075,Bronco flu suspensión muestra,,,Suspensión,Respiratorio,,,Medicamento respiratorio,,,,,,Temperatura Ambiente,No,No,
CHU-076,Betadiona pomada,,,Pomada,Dermatológico,,,Pomada tópica,,,,,,Temperatura Ambiente,No,No,
CHU-077,Cánula nasal para oxigeno,Cánula nasal,,,Insumo,Otro,,,Dispositivo médico,,,,,,Temperatura Ambiente,No,No,
CHU-078,Carbon activado,Carbón activado,,,Comprimido,Gastrointestinal,,,Antídoto/adsorbente,,,,,,Temperatura Ambiente,No,No,
CHU-079,Cardiopax 100mg,,,100mg,Comprimido,Cardiovascular,,,Medicamento cardiovascular,,,,,,Temperatura Ambiente,Sí,No,
CHU-080,Cardizol,,,Comprimido,Cardiovascular,,,Medicamento cardiovascular,,,,,,Temperatura Ambiente,Sí,No,
CHU-081,Cefmadasol,,,Comprimido,Antibiótico,,,Antibiótico cefalosporina,,,,,,Temperatura Ambiente,Sí,No,
CHU-082,Carbamazepina 200 mg,Carbamazepina,,200mg,Comprimido,Neurológico,,,Anticonvulsivante,,,,,,Temperatura Ambiente,Sí,No,
CHU-083,Claritromicina 500 mg,Claritromicina,,500mg,Comprimido,Antibiótico,,,Antibiótico macrólido,,,,,,Temperatura Ambiente,Sí,No,
CHU-084,Colchicina,Colchicina,,,Comprimido,Otro,,,Antigotoso,,,,,,Temperatura Ambiente,Sí,No,
CHU-085,Cotrimexasol 240 mg,Cotrimoxazol,,240mg,Jarabe,Antibiótico,,,Antibiótico combinado,,,,,,Temperatura Ambiente,Sí,No,
CHU-086,Cotrimexasol 480 mg,Cotrimoxazol,,480mg,Jarabe,Antibiótico,,,Antibiótico combinado,,,,,,Temperatura Ambiente,Sí,No,
CHU-087,Cotrimexasol 960 mg,Cotrimoxazol,,960mg,Comprimido,Antibiótico,,,Antibiótico combinado,,,,,,Temperatura Ambiente,Sí,No,
CHU-088,Cotrimexasol crema vía dérmica,Cotrimoxazol,,,Crema,Dermatológico,,,Antibiótico tópico,,,,,,Temperatura Ambiente,No,No,
CHU-089,Clorfeniramina 4mg,Clorfeniramina,,4mg,Comprimido,Antihistamínico,,,Antihistamínico,,,,,,Temperatura Ambiente,No,No,
CHU-090,Clorfeniramina 60 ml,Clorfeniramina,,60ml,Jarabe,Antihistamínico,,,Antihistamínico,,,,,,Temperatura Ambiente,No,No,
CHU-091,Cloranfenicol 0.5% gotas oftálmicas,Cloranfenicol,,0.5%,Gotas,Antibiótico,,,Antibiótico oftálmico,,,,,,Temperatura Ambiente,No,No,
CHU-092,Cloruro de sodio 20% ampolla,Cloruro de sodio,,20%,Ampolla,Otro,,,Solución salina hipertónica,,,,,,Temperatura Ambiente,No,No,
CHU-093,Cloruro de sodio 0.9% ampolla,Cloruro de sodio,,0.9%,Ampolla,Otro,,,Solución salina isotónica,,,,,,Temperatura Ambiente,No,No,
CHU-094,Dexoma 2%,Dexametasona,,2%,Ampolla,Otro,,,Corticosteroide,,,,,,Temperatura Ambiente,Sí,No,
CHU-095,Cotrimexasol 1 g,Cotrimoxazol,,1g,Ampolla,Antibiótico,,,Antibiótico inyectable,,,,,,Temperatura Ambiente,Sí,No,
CHU-096,Cefexacima 1 g,,,1g,Ampolla,Antibiótico,,,Antibiótico cefalosporina,,,,,,Temperatura Ambiente,Sí,No,
CHU-097,Cefazolina 1 g,Cefazolina,,1g,Ampolla,Antibiótico,,,Antibiótico cefalosporina,,,,,,Temperatura Ambiente,Sí,No,
CHU-098,Cefacort COMPROMIDOS,,,Comprimido,Antibiótico,,,Antibiótico cefalosporina,,,,,,Temperatura Ambiente,Sí,No,
CHU-099,Chelsi plus sobre,,,Sobre,Suplemento,,,Suplemento vitamínico,,,,,,Temperatura Ambiente,No,No,
CHU-100,Deflazacort 400 mg,Deflazacort,,400mg,Comprimido,Otro,,,Corticosteroide,,,,,,Temperatura Ambiente,Sí,No,
CHU-101,Cetirizina 10 mg,Cetirizina,,10mg,Comprimido,Antihistamínico,,,Antihistamínico,,,,,,Temperatura Ambiente,No,No,
CHU-102,Ciprofloxacina 200 mg,Ciprofloxacina,,200mg,Comprimido,Antibiótico,,,Antibiótico quinolona,,,,,,Temperatura Ambiente,Sí,No,
CHU-103,Ciprofloxacina 500 mg,Ciprofloxacina,,500mg,Comprimido,Antibiótico,,,Antibiótico quinolona,,,,,,Temperatura Ambiente,Sí,No,
CHU-104,Clindamicina 600 mg,Clindamicina,,600mg,Ampolla,Antibiótico,,,Antibiótico lincosamida,,,,,,Temperatura Ambiente,Sí,No,
CHU-105,Complejo B 2 ml,Complejo B,,2ml,Ampolla,Suplemento,,,Vitaminas del complejo B,,,,,,Protegido de la Luz,No,No,
CHU-106,Corasol 50 sachet 250ml,,,250ml,Sobre,Suplemento,,,Suplemento vitamínico,,,,,,Temperatura Ambiente,No,No,
CHU-107,Clam umbilical insumo,,,Insumo,Otro,,,Dispositivo médico,,,,,,Temperatura Ambiente,No,No,
CHU-108,Cepillo porta hilo,,,Otro,Otro,,,Producto de higiene,,,,,,Temperatura Ambiente,No,No,
CHU-109,Corta uñas para bebe,,,Otro,Otro,,,Artículo para bebé,,,,,,Temperatura Ambiente,No,No,
CHU-110,Corta uñas grande,,,Otro,Otro,,,Producto de higiene,,,,,,Temperatura Ambiente,No,No,
CHU-111,Corta uñas mediano,,,Otro,Otro,,,Producto de higiene,,,,,,Temperatura Ambiente,No,No,
CHU-112,Corta uña pequeña,,,Otro,Otro,,,Producto de higiene,,,,,,Temperatura Ambiente,No,No,
CHU-113,Corta uña muy pequeña,,,Otro,Otro,,,Producto de higiene,,,,,,Temperatura Ambiente,No,No,
CHU-114,Compresas 5 x 5 cm,Gasas,,,Insumo,Otro,,,Material de curación,,,,,,Lugar Seco,No,No,
CHU-115,Compresa de gasa 7.5 x7.5 cm,Gasas,,7.5x7.5cm,Insumo,Otro,,,Material de curación,,,,,,Lugar Seco,No,No,
CHU-116,Compresa de gasa 7.5 x7.5 cm,Gasas,,7.5x7.5cm,Insumo,Otro,,,Material de curación,,,,,,Lugar Seco,No,No,
CHU-117,Chao gripe,,,Comprimido,Respiratorio,,,Antigripal,,,,,,Temperatura Ambiente,No,No,
CHU-118,Chupa miel,,,Otro,Otro,,,Producto para bebé,,,,,,Temperatura Ambiente,No,No,
CHU-119,Chupeta reina obrera,,,Otro,Otro,,,Producto para bebé,,,,,,Temperatura Ambiente,No,No,
CHU-120,Chupón con cadena,,,Otro,Otro,,,Producto para bebé,,,,,,Temperatura Ambiente,No,No,
CHU-121,Chupón con cadena,,,Otro,Otro,,,Producto para bebé,,,,,,Temperatura Ambiente,No,No,
CHU-122,Catantes difenis PEHUENO,,,Otro,Otro,,,Producto sin información,,,,,,Temperatura Ambiente,No,No,
CHU-123,Catantes grande,,,Otro,Otro,,,Producto sin información,,,,,,Temperatura Ambiente,No,No,
CHU-124,Cepillo matero,,,Otro,Otro,,,Producto de limpieza,,,,,,Temperatura Ambiente,No,No,
CHU-125,Cepillo presidencial,,,Otro,Otro,,,Producto de higiene,,,,,,Temperatura Ambiente,No,No,
CHU-126,Cepillo dental Calgato,,,Otro,Otro,,,Producto de higiene oral,,,,,,Temperatura Ambiente,No,No,
CHU-127,Cepillo dental shert,,,Otro,Otro,,,Producto de higiene oral,,,,,,Temperatura Ambiente,No,No,
CHU-128,Cepillo dental presidential ref,,,Otro,Otro,,,Producto de higiene oral,,,,,,Temperatura Ambiente,No,No,
CHU-129,Cepillo dental piilsan,,,Otro,Otro,,,Producto de higiene oral,,,,,,Temperatura Ambiente,No,No,
CHU-130,Cepillo dental condar,,,Otro,Otro,,,Producto de higiene oral,,,,,,Temperatura Ambiente,No,No,
CHU-131,Condón,Preservativos,,,Otro,Otro,,,Anticonceptivo de barrera,,,,,,Temperatura Ambiente,No,No,
CHU-132,Cortisa,,,Comprimido,Otro,,,Corticosteroide,,,,,,Temperatura Ambiente,Sí,No,
CHU-133,Cefalina homandory 350mg,,,350mg,Comprimido,Antibiótico,,,Antibiótico cefalosporina,,,,,,Temperatura Ambiente,Sí,No,
CHU-134,Crema casera de cancer amesearte,,,Crema,Dermatológico,,,Crema tópica,,,,,,Temperatura Ambiente,No,No,
CHU-135,Crema de laboración propolis,,,Crema,Dermatológico,,,Crema con propóleo,,,,,,Temperatura Ambiente,No,No,
CHU-136,Crema de clariqueo grande,,,Crema,Dermatológico,,,Crema tópica,,,,,,Temperatura Ambiente,No,No,
CHU-137,Crema de clariqueo pequeña,,,Crema,Dermatológico,,,Crema tópica,,,,,,Temperatura Ambiente,No,No,
CHU-138,Crema de taningo,,,Crema,Dermatológico,,,Crema con taninos,,,,,,Temperatura Ambiente,No,No,
CHU-139,Crema de coco,,,Crema,Dermatológico,,,Crema hidratante,,,,,,Temperatura Ambiente,No,No,
CHU-140,Crema salicilada,Ácido salicílico,,,Crema,Dermatológico,,,Queratolítico,,,,,,Temperatura Ambiente,No,No,
CHU-141,Crema después roca,,,Crema,Dermatológico,,,Crema hidratante post-solar,,,,,,Temperatura Ambiente,No,No,
CHU-142,Crema pedington,,,Crema,Dermatológico,,,Crema tópica,,,,,,Temperatura Ambiente,No,No,
CHU-143,Diacliwalon 2 mg planta,,,2mg,Comprimido,Otro,,,Medicamento,,,,,,Temperatura Ambiente,Sí,No,
CHU-144,Clotrimexol ovulas,Clotrimazol,,,Óvulos,Otro,,,Antifúngico vaginal,,,,,,Temperatura Ambiente,No,No,
CHU-145,Clotrimexol,Clotrimazol,,,Crema,Dermatológico,,,Antifúngico tópico,,,,,,Temperatura Ambiente,No,No,
CHU-146,Diazepan,Diazepam,,,Comprimido,Neurológico,,,Ansiolítico,,,,,,Temperatura Ambiente,Sí,Sí,IV
CHU-147,DACROSED GOTAS OFTALMICAS,,,Gotas,Otro,,,Gotas oftálmicas,,,,,,Temperatura Ambiente,No,No,
CHU-148,Dextrametorfano 100 ml,Dextrometorfano,,100ml,Jarabe,Respiratorio,,,Antitusivo,,,,,,Temperatura Ambiente,No,No,
CHU-149,Dexametasona 0.5 mg,Dexametasona,,0.5mg,Comprimido,Otro,,,Corticosteroide,,,,,,Temperatura Ambiente,Sí,No,
CHU-150,Dexametasona 8 mg,Dexametasona,,8mg,Ampolla,Otro,,,Corticosteroide inyectable,,,,,,Temperatura Ambiente,Sí,No,
CHU-151,Dexametasona,Dexametasona,,,Ampolla,Otro,,,Corticosteroide inyectable,,,,,,Temperatura Ambiente,Sí,No,
CHU-152,Dexametasona 0.1% gotas oftálmicas,Dexametasona,,0.1%,Gotas,Otro,,,Corticosteroide oftálmico,,,,,,Temperatura Ambiente,Sí,No,
CHU-153,Dexoma forte,Dexametasona,,,Ampolla,Otro,,,Corticosteroide inyectable,,,,,,Temperatura Ambiente,Sí,No,
CHU-154,Doremicof,,,Comprimido,Otro,,,Medicamento,,,,,,Temperatura Ambiente,Sí,No,
CHU-155,Dextron sobre,,,Sobre,Suplemento,,,Suplemento,,,,,,Temperatura Ambiente,No,No,
CHU-156,Drames,,,Comprimido,Gastrointestinal,,,Antiemético,,,,,,Temperatura Ambiente,No,No,
CHU-157,Diunen 40,Furosemida,,40mg,Comprimido,Cardiovascular,,,Diurético,,,,,,Temperatura Ambiente,Sí,No,
CHU-158,Diarrea itatilina infiames,,,Comprimido,Gastrointestinal,,,Antidiarreico,,,,,,Temperatura Ambiente,No,No,
CHU-159,Diazepan 100 mg,Diazepam,,100mg,Comprimido,Neurológico,,,Ansiolítico,,,,,,Temperatura Ambiente,Sí,Sí,IV
CHU-160,Diazepan ampolla,Diazepam,,,Ampolla,Neurológico,,,Ansiolítico inyectable,,,,,,Temperatura Ambiente,Sí,Sí,IV
CHU-161,Dimenhidrinato 5mg gravol,Dimenhidrinato,,5mg,Comprimido,Gastrointestinal,,,Antiemético,,,,,,Temperatura Ambiente,No,No,
CHU-162,Diclofonaco 75 mg ampolla,Diclofenaco,,75mg,Ampolla,Analgésico,,,Antiinflamatorio inyectable,,,,,,Temperatura Ambiente,Sí,No,
CHU-163,Diclofonaco 50 mg,Diclofenaco,,50mg,Comprimido,Analgésico,,,Antiinflamatorio,,,,,,Temperatura Ambiente,No,No,
CHU-164,Diclofonaco 100 mg,Diclofenaco,,100mg,Comprimido,Analgésico,,,Antiinflamatorio,,,,,,Temperatura Ambiente,No,No,
CHU-165,Dicloxacilina 50 mg,Dicloxacilina,,50mg,Comprimido,Antibiótico,,,Antibiótico betalactámico,,,,,,Temperatura Ambiente,Sí,No,
CHU-166,Diclofonaco 1 crema,Diclofenaco,,1%,Crema,Dermatológico,,,Antiinflamatorio tópico,,,,,,Temperatura Ambiente,No,No,
CHU-167,Diclopan,Diclofenaco,,,Comprimido,Analgésico,,,Antiinflamatorio,,,,,,Temperatura Ambiente,No,No,
CHU-168,Delfin crema,,,Crema,Dermatológico,,,Cremaópica,,,,,,Temperatura Ambiente,No,No,
CHU-169,Digoxina 0.25 mg,Digoxina,,0.25mg,Comprimido,Cardiovascular,,,Cardiotónico,,,,,,Temperatura Ambiente,Sí,No,
CHU-170,Dolapyn 100 mg,,,100mg,Comprimido,Analgésico,,,Analgésico,,,,,,Temperatura Ambiente,Sí,No,
CHU-171,Domperidona 10 mg,Domperidona,,10mg,Comprimido,Gastrointestinal,,,Procinético,,,,,,Temperatura Ambiente,No,No,
CHU-172,Domperidona 10 mg gotas,Domperidona,,10mg,Gotas,Gastrointestinal,,,Procinético pediátrico,,,,,,Temperatura Ambiente,No,No,
CHU-173,Domperidona,Domperidona,,,Comprimido,Gastrointestinal,,,Procinético,,,,,,Temperatura Ambiente,No,No,
CHU-174,Doxiciclina 100mg,Doxiciclina,,100mg,Comprimido,Antibiótico,,,Antibiótico tetraciclina,,,,,,Temperatura Ambiente,Sí,No,
CHU-175,Dove antitranspirante,,,Otro,Otro,,,Producto de higiene,,,,,,Temperatura Ambiente,No,No,
CHU-176,Doremixel pomada,,,Pomada,Dermatológico,,,Pomada tópica,,,,,,Temperatura Ambiente,No,No,
CHU-177,Óxido de cloro 250ml,Dióxido de cloro,,250ml,Solución,Otro,,,Desinfectante,,,,,,Temperatura Ambiente,No,No,
CHU-178,Espiromalación,Espiramicina,,,Comprimido,Antibiótico,,,Antibiótico macrólido,,,,,,Temperatura Ambiente,Sí,No,
CHU-179,Espiromalación 100 mg,Espiramicina,,100mg,Comprimido,Antibiótico,,,Antibiótico macrólido,,,,,,Temperatura Ambiente,Sí,No,
CHU-180,Enalapril 10 mg,Enalapril,,10mg,Comprimido,Cardiovascular,,,Antihipertensivo IECA,,,,,,Temperatura Ambiente,Sí,No,
CHU-181,Ero sobre,,,Sobre,Otro,,,Producto,,,,,,Temperatura Ambiente,No,No,
CHU-182,Efectiva desodorante,,,Otro,Otro,,,Producto de higiene,,,,,,Temperatura Ambiente,No,No,
CHU-183,Equipo microgoiero insumo 150cc,,,Insumo,Otro,,,Equipo de infusión,,,,,,Temperatura Ambiente,No,No,
CHU-184,Equipo microgoiero insumo 100cc,,,Insumo,Otro,,,Equipo de infusión,,,,,,Temperatura Ambiente,No,No,
CHU-185,Eucofin crema,,,Crema,Dermatológico,,,Crema tópica,,,,,,Temperatura Ambiente,No,No,
CHU-186,Equipo de venoclisis,,,Insumo,Otro,,,Equipo de infusión,,,,,,Temperatura Ambiente,No,No,
CHU-187,Éster hidrato hidratante,,,Crema,Dermatológico,,,Crema hidratante,,,,,,Temperatura Ambiente,No,No,
CHU-188,Famotina ampolla,Famotidina,,,Ampolla,Gastrointestinal,,,Antiulceroso inyectable,,,,,,Temperatura Ambiente,Sí,No,
CHU-189,Inaprofeno jarabe 200 mg 100ml,Ibuprofeno,,200mg/100ml,Jarabe,Analgésico,,,Antiinflamatorio pediátrico,,,,,,Temperatura Ambiente,No,No,
CHU-190,Inaprofeno jarabe 100mg 100ml,Ibuprofeno,,100mg/100ml,Jarabe,Analgésico,,,Antiinflamatorio pediátrico,,,,,,Temperatura Ambiente,No,No,
CHU-191,Ibaprofeno 400 mg,Ibuprofeno,,400mg,Comprimido,Analgésico,,,Antiinflamatorio,,,,,,Temperatura Ambiente,No,No,
CHU-192,Ibaprofeno 500 mg,Ibuprofeno,,500mg,Comprimido,Analgésico,,,Antiinflamatorio,,,,,,Temperatura Ambiente,No,No,
CHU-193,Ibaprofeno 600 mg,Ibuprofeno,,600mg,Comprimido,Analgésico,,,Antiinflamatorio,,,,,,Temperatura Ambiente,No,No,
CHU-194,Indometacina supositorioIndometacina,,,Supositorio,Analgésico,,,Antiinflamatorio rectal,,,,,,Temperatura Ambiente,No,No,
CHU-195,Indometacina 25 mg,Indometacina,,25mg,Comprimido,Analgésico,,,Antiinflamatorio,,,,,,Temperatura Ambiente,No,No,
CHU-196,Jarabe de ajo amplife tarve pequeño,,,Jarabe,Suplemento,,,Suplemento con ajo,,,,,,Temperatura Ambiente,No,No,
CHU-197,Jarabe 10 ml insumo,,,10ml,Insumo,Otro,,,Envase para medicamento,,,,,,Temperatura Ambiente,No,No,
CHU-198,Jarabe 3 ml insumo,,,3ml,Insumo,Otro,,,Envase para medicamento,,,,,,Temperatura Ambiente,No,No,
CHU-199,Jarabe 5 ml insumo,,,5ml,Insumo,Otro,,,Envase para medicamento,,,,,,Temperatura Ambiente,No,No,
CHU-200,Jarabe 10 ml insumo,,,10ml,Insumo,Otro,,,Envase para medicamento,,,,,,Temperatura Ambiente,No,No,
CHU-201,Jabon antibacterial 300ml,Jabón antibacterial,,300ml,Líquido,Otro,,,Jabón líquido,,,,,,Temperatura Ambiente,No,No,
CHU-202,Jabon de tucufor runa rubra,,,Jabón,Dermatológico,,,Jabón medicinal,,,,,,Temperatura Ambiente,No,No,
CHU-203,Jabon syri,,,Jabón,Dermatológico,,,Jabón medicinal,,,,,,Temperatura Ambiente,No,No,
CHU-204,Jabon liquido quimo para manos,,,Líquido,Otro,,,Jabón líquido,,,,,,Temperatura Ambiente,No,No,
CHU-205,Jabon antibacterial syral,,,Jabón,Dermatológico,,,Jabón antibacterial,,,,,,Temperatura Ambiente,No,No,
CHU-206,Jabon de coco,,,Jabón,Dermatológico,,,Jabón natural,,,,,,Temperatura Ambiente,No,No,
CHU-207,Jabon de arvija,,,Jabón,Dermatológico,,,Jabón natural,,,,,,Temperatura Ambiente,No,No,
CHU-208,JABON DE AZUFRE,Azufre,,,Jabón,Dermatológico,,,Jabón con azufre,,,,,,Temperatura Ambiente,No,No,
CHU-209,Jabon HUNDISAT,,,Jabón,Dermatológico,,,Jabón,,,,,,Temperatura Ambiente,No,No,
CHU-210,Fluconazol 200mg,Fluconazol,,200mg,Cápsula,Otro,,,Antifúngico,,,,,,Temperatura Ambiente,Sí,No,
CHU-211,Fluconazol 100 mg,Fluconazol,,100mg,Jarabe,Otro,,,Antifúngico pediátrico,,,,,,Temperatura Ambiente,Sí,No,
CHU-212,Fluconazol 200 mg,Fluconazol,,200mg,Jarabe,Otro,,,Antifúngico,,,,,,Temperatura Ambiente,Sí,No,
CHU-213,Factor clermiso crema,,,Crema,Dermatológico,,,Crema tópica,,,,,,Temperatura Ambiente,No,No,
CHU-214,Factor AB antihemorrágico gotas,,,Gotas,Otro,,,Hemostático,,,,,,Temperatura Ambiente,Sí,No,
CHU-215,Farmid 1000ml,,,1000ml,Solución,Otro,,,Solución,,,,,,Temperatura Ambiente,No,No,
CHU-216,Farmid 20 ml,,,20ml,Solución,Otro,,,Solución,,,,,,Temperatura Ambiente,No,No,
CHU-217,Flugocida repelente saccharh,,,Spray,Otro,,,Repelente de insectos,,,,,,Temperatura Ambiente,No,No,
CHU-218,Furosemida 10 mg,Furosemida,,10mg,Ampolla,Cardiovascular,,,Diurético inyectable,,,,,,Temperatura Ambiente,Sí,No,
CHU-219,Furosemida 20 mg,Furosemida,,20mg,Ampolla,Cardiovascular,,,Diurético inyectable,,,,,,Temperatura Ambiente,Sí,No,
CHU-220,Galactógeno B g sobre,,,Sobre,Suplemento,,,Suplemento galactogogo,,,,,,Temperatura Ambiente,No,No,
CHU-221,Gentamicina 80 mg,Gentamicina,,80mg,Ampolla,Antibiótico,,,Antibiótico aminoglicósido,,,,,,Temperatura Ambiente,Sí,No,
CHU-222,Gentamicina 0.3 % gotas oftálmicas,Gentamicina,,0.3%,Gotas,Antibiótico,,,Antibiótico oftálmico,,,,,,Temperatura Ambiente,No,No,
CHU-223,Genfibrozid 600 mg,Gemfibrozilo,,600mg,Comprimido,Cardiovascular,,,Hipolipemiante,,,,,,Temperatura Ambiente,Sí,No,
CHU-224,Glibenclamida 5 mg,Glibenclamida,,5mg,Comprimido,Endocrino,,,Hipoglucemiante,,,,,,Temperatura Ambiente,Sí,No,
CHU-225,Glicerina suspensit orterice,Glicerina,,,Supositorio,Gastrointestinal,,,Laxante,,,,,,Temperatura Ambiente,No,No,
CHU-226,Gluconato de calcio 10% ampolla,Gluconato de calcio,,10%,Ampolla,Otro,,,Suplemento de calcio inyectable,,,,,,Temperatura Ambiente,Sí,No,
CHU-227,Glucosamin sobre,Glucosamina,,,Sobre,Otro,,,Suplemento para articulaciones,,,,,,Temperatura Ambiente,No,No,
CHU-228,Gorras quirúrgicas insumo,,,Insumo,Otro,,,Material de protección,,,,,,Lugar Seco,No,No,
CHU-229,Gasa esandarante,Gasas,,,Insumo,Otro,,,Material de curación,,,,,,Lugar Seco,No,No,
CHU-230,Haloperidol gotas,Haloperidol,,,Gotas,Neurológico,,,Antipsicótico,,,,,,Temperatura Ambiente,Sí,Sí,
CHU-231,Hidrochlorotiazida 50 mg,Hidroclorotiazida,,50mg,Comprimido,Cardiovascular,,,Diurético,,,,,,Temperatura Ambiente,Sí,No,
CHU-232,Hidrocortisona,Hidrocortisona,,,Crema,Dermatológico,,,Corticosteroide tópico,,,,,,Temperatura Ambiente,No,No,
CHU-233,Hidrocortisona crema,Hidrocortisona,,,Crema,Dermatológico,,,Corticosteroide tópico,,,,,,Temperatura Ambiente,No,No,
CHU-234,Hidrocortisona ampolla,Hidrocortisona,,,Ampolla,Otro,,,Corticosteroide inyectable,,,,,,Temperatura Ambiente,Sí,No,
CHU-235,Hidro Maire 150 ml,,,150ml,Jarabe,Otro,,,Medicamento,,,,,,Temperatura Ambiente,No,No,
CHU-236,Hilo 3-0 insumo,Hilo quirúrgico,,3-0,Insumo,Otro,,,Material quirúrgico,,,,,,Temperatura Ambiente,No,No,
CHU-237,Hilo 2-0 insumo,Hilo quirúrgico,,2-0,Insumo,Otro,,,Material quirúrgico,,,,,,Temperatura Ambiente,No,No,
CHU-238,Hilo 1-0 insumo,Hilo quirúrgico,,1-0,Insumo,Otro,,,Material quirúrgico,,,,,,Temperatura Ambiente,No,No,
CHU-239,Hilo catgut,Catgut,,,Insumo,Otro,,,Material quirúrgico absorbible,,,,,,Temperatura Ambiente,No,No,
CHU-240,Hidróxido de aluminio jarabe,Hidróxido de aluminio,,,Jarabe,Gastrointestinal,,,Antiácido,,,,,,Temperatura Ambiente,No,No,
CHU-241,Hoadolyn suspensión muestra,,,Suspensión,Otro,,,Medicamento muestra,,,,,,Temperatura Ambiente,No,No,
CHU-242,Heparina,Heparina,,,Ampolla,Cardiovascular,,,Anticoagulante,,,,,,Refrigerado,Sí,No,
CHU-243,Ketorolaco 30 mg,Ketorolaco,,30mg,Ampolla,Analgésico,,,Analgésico inyectable,,,,,,Temperatura Ambiente,Sí,No,
CHU-244,Ketorolaco 60 mg,Ketorolaco,,60mg,Ampolla,Analgésico,,,Analgésico inyectable,,,,,,Temperatura Ambiente,Sí,No,
CHU-245,Ketorolaco 20 mg,Ketorolaco,,20mg,Comprimido,Analgésico,,,Analgésico,,,,,,Temperatura Ambiente,Sí,No,
CHU-246,Ketorolaco 30 mg,Ketorolaco,,30mg,Comprimido,Analgésico,,,Analgésico,,,,,,Temperatura Ambiente,Sí,No,
CHU-247,Ketoconazol crema,Ketoconazol,,,Crema,Dermatológico,,,Antifúngico tópico,,,,,,Temperatura Ambiente,No,No,
CHU-248,Ketoprofeno,Ketoprofeno,,,Ampolla,Analgésico,,,Antiinflamatorio inyectable,,,,,,Temperatura Ambiente,Sí,No,
CHU-249,Laxepur jarabe,,,Jarabe,Gastrointestinal,,,Laxante,,,,,,Temperatura Ambiente,No,No,
CHU-250,LAXUDAF sobre,,,Sobre,Gastrointestinal,,,Laxante,,,,,,Temperatura Ambiente,No,No,
CHU-251,Lemaniacia,,,Comprimido,Otro,,,Medicamento,,,,,,Temperatura Ambiente,Sí,No,
CHU-252,Levofloxacina 500 mg,Levofloxacina,,500mg,Comprimido,Antibiótico,,,Antibiótico quinolona,,,,,,Temperatura Ambiente,Sí,No,
CHU-253,Levofloxacina 500 mg,Levofloxacina,,500mg,Comprimido,Antibiótico,,,Antibiótico quinolona,,,,,,Temperatura Ambiente,Sí,No,
CHU-254,Lideracina 20 mg,Lidocaína,,20mg,Ampolla,Analgésico,,,Anestésico local,,,,,,Temperatura Ambiente,Sí,No,
CHU-255,Losartan 50 mg,Losartán,,50mg,Comprimido,Cardiovascular,,,Antihipertensivo,,,,,,Temperatura Ambiente,Sí,No,
CHU-256,Loperamida,Loperamida,,,Comprimido,Gastrointestinal,,,Antidiarreico,,,,,,Temperatura Ambiente,No,No,
CHU-257,Levotiroxina 50 mg,Levotiroxina,,50mg,Comprimido,Endocrino,,,Hormona tiroidea,,,,,,Temperatura Ambiente,Sí,No,
CHU-258,Lomper comprimido tableta del día después,Levonorgestrel,,,Comprimido,Endocrino,,,Anticonceptivo de emergencia,,,,,,Temperatura Ambiente,No,No,
CHU-259,Lionel sobre,,,Sobre,Gastrointestinal,,,Medicamento gastrointestinal,,,,,,Temperatura Ambiente,No,No,
CHU-260,Limadora de gallo,,,Otro,Otro,,,Producto sin información,,,,,,Temperatura Ambiente,No,No,
CHU-261,Llave de tres vias con tubo de 10cm,,,Insumo,Otro,,,Dispositivo médico,,,,,,Temperatura Ambiente,No,No,
CHU-262,Llave de tres vias con tubo de 30cm,,,Insumo,Otro,,,Dispositivo médico,,,,,,Temperatura Ambiente,No,No,
CHU-263,Llave de tres vias,,,Insumo,Otro,,,Dispositivo médico,,,,,,Temperatura Ambiente,No,No,
CHU-264,Máscara de oxígeno mas canela,,,Insumo,Otro,,,Dispositivo médico,,,,,,Temperatura Ambiente,No,No,
CHU-265,Masatilla para bebe,,,Otro,Otro,,,Producto para bebé,,,,,,Temperatura Ambiente,No,No,
CHU-266,Naprosino 10% ampolla,Naproxeno,,10%,Ampolla,Analgésico,,,Antiinflamatorio inyectable,,,,,,Temperatura Ambiente,Sí,No,
CHU-267,Naproxeno 500 mg,Naproxeno,,500mg,Comprimido,Analgésico,,,Antiinflamatorio,,,,,,Temperatura Ambiente,No,No,
CHU-268,Metronidazol 1500 mg,Metronidazol,,1500mg,Ampolla,Antibiótico,,,Antibiótico antiprotozoario,,,,,,Temperatura Ambiente,Sí,No,
CHU-269,Metronidazol 500 mg,Metronidazol,,500mg,Comprimido,Antibiótico,,,Antibiótico antiprotozoario,,,,,,Temperatura Ambiente,Sí,No,
CHU-270,Metoclopramida 10 mg,Metoclopramida,,10mg,Ampolla,Gastrointestinal,,,Procinético inyectable,,,,,,Temperatura Ambiente,Sí,No,
CHU-271,Metoclopramida 10 mg,Metoclopramida,,10mg,Comprimido,Gastrointestinal,,,Procinético,,,,,,Temperatura Ambiente,No,No,
CHU-272,Metoplovamido 20 ml,Metoclopramida,,20ml,Gotas,Gastrointestinal,,,Procinético pediátrico,,,,,,Temperatura Ambiente,No,No,
CHU-273,Metamizol 1 g,Metamizol,,1g,Ampolla,Analgésico,,,Analgésico inyectable,,,,,,Temperatura Ambiente,Sí,No,
CHU-274,Mebuxican 15 mg,,,15mg,Comprimido,Analgésico,,,Antiinflamatorio,,,,,,Temperatura Ambiente,No,No,
CHU-275,Mercurio 10ml,,,10ml,Líquido,Otro,,,Antiséptico (uso controlado),,,,,,Temperatura Ambiente,No,No,
CHU-276,Matformina 850 mg,Metformina,,850mg,Comprimido,Endocrino,,,Hipoglucemiante,,,,,,Temperatura Ambiente,Sí,No,
CHU-277,Metotrexato 2.5 mg,Metotrexato,,2.5mg,Comprimido,Otro,,,Antineoplásico/inmunosupresor,,,,,,Temperatura Ambiente,Sí,No,
CHU-278,Mometavir crema,,,Crema,Dermatológico,,,Crema tópica,,,,,,Temperatura Ambiente,No,No,
CHU-279,Miel grande,Miel,,,Otro,Suplemento,,,Endulzante natural,,,,,,Temperatura Ambiente,No,No,
CHU-280,Miel mediano,Miel,,,Otro,Suplemento,,,Endulzante natural,,,,,,Temperatura Ambiente,No,No,
CHU-281,Miel pequeña,Miel,,,Otro,Suplemento,,,Endulzante natural,,,,,,Temperatura Ambiente,No,No,
CHU-282,Mexilador vendía para bebe,,,Otro,Otro,,,Producto para bebé,,,,,,Temperatura Ambiente,No,No,
CHU-283,Mexilador con sampero,,,Otro,Otro,,,Producto para bebé,,,,,,Temperatura Ambiente,No,No,
CHU-284,Mexilador con peifo,,,Otro,Otro,,,Producto para bebé,,,,,,Temperatura Ambiente,No,No,
CHU-285,Mabendasol,Mebendazol,,,Comprimido,Otro,,,Antiparasitario,,,,,,Temperatura Ambiente,No,No,
CHU-286,Moco vitral jarabe,,,Jarabe,Respiratorio,,,Mucolítico,,,,,,Temperatura Ambiente,No,No,
CHU-287,Mucoflitic,,,Comprimido,Respiratorio,,,Mucolítico,,,,,,Temperatura Ambiente,No,No,
CHU-288,Mucoflitic suspensión muestra,,,Suspensión,Respiratorio,,,Mucolítico muestra,,,,,,Temperatura Ambiente,No,No,
CHU-289,Mercurito 10ml,,,10ml,Líquido,Otro,,,Antiséptico,,,,,,Temperatura Ambiente,No,No,
CHU-290,Nactizol gotas,,,Gotas,Otro,,,Medicamento,,,,,,Temperatura Ambiente,No,No,
CHU-291,Nifedipino 20 mg,Nifedipino,,20mg,Comprimido,Cardiovascular,,,Antihipertensivo,,,,,,Temperatura Ambiente,Sí,No,
CHU-292,Nistatina,Nistatina,,,Comprimido,Otro,,,Antifúngico,,,,,,Temperatura Ambiente,No,No,
CHU-293,Nemicina y bacitracina crema,Neomicina + Bacitracina,,,Crema,Dermatológico,,,Antibiótico tópico,,,,,,Temperatura Ambiente,No,No,
CHU-294,Nervio stres frasca,,,Frasco,Neurológico,,,Medicamento natural,,,,,,Temperatura Ambiente,No,No,
CHU-295,Nitrofurantoina jarabe,Nitrofurantoína,,,Jarabe,Antibiótico,,,Antibiótico para vías urinarias,,,,,,Temperatura Ambiente,Sí,No,
CHU-296,Normodipino 30 mg,,,30mg,Comprimido,Cardiovascular,,,Antihipertensivo,,,,,,Temperatura Ambiente,Sí,No,
CHU-297,Nistatina crema,Nistatina,,,Crema,Dermatológico,,,Antifúngico tópico,,,,,,Temperatura Ambiente,No,No,
CHU-298,Nitrato de plata,Nitrato de plata,,,Solución,Dermatológico,,,Antiséptico/cáustico,,,,,,Temperatura Ambiente,No,No,
CHU-299,Nimotán talco,,,Talco,Dermatológico,,,Talco medicinal,,,,,,Temperatura Ambiente,No,No,
CHU-300,Noradrenalina,Noradrenalina,,,Ampolla,Cardiovascular,,,Vasopresor,,,,,,Refrigerado,Sí,No,
CHU-301,Nonicen 250mg,,,250mg,Comprimido,Antibiótico,,,Antibiótico,,,,,,Temperatura Ambiente,Sí,No,
CHU-302,NOREPINEPRINA 4QMG AMPOLLA,Norepinefrina,,4mg,Ampolla,Cardiovascular,,,Vasopresor,,,,,,Refrigerado,Sí,No,
CHU-303,Nosotrcs bollos infiames,,,Otro,Otro,,,Producto sin información,,,,,,Temperatura Ambiente,No,No,
CHU-304,Nosotros inyectable,,,Ampolla,Otro,,,Medicamento,,,,,,Temperatura Ambiente,Sí,No,
CHU-305,Oxiplajos gotas oftálmicas,,,Gotas,Otro,,,Gotas oftálmicas,,,,,,Temperatura Ambiente,No,No,
CHU-306,Omega 3,Omega 3,,,Comprimido,Suplemento,,,Suplemento cardiovascular,,,,,,Temperatura Ambiente,No,No,
CHU-307,Óvalos IFAMET,,,Óvulo,Otro,,,Medicamento vaginal,,,,,,Temperatura Ambiente,No,No,
CHU-308,Óvalos ALICA,,,Óvulo,Otro,,,Medicamento vaginal,,,,,,Temperatura Ambiente,No,No,
CHU-309,Óvalos CLOTRIM PLUS,,,Óvulo,Otro,,,Medicamento vaginal,,,,,,Temperatura Ambiente,No,No,
CHU-310,Óvalos KALENDA,,,Óvulo,Otro,,,Medicamento vaginal,,,,,,Temperatura Ambiente,No,No,
CHU-311,Óvalos POLIESTA,,,Óvulo,Otro,,,Medicamento vaginal,,,,,,Temperatura Ambiente,No,No,
CHU-312,Óvalos TERGINAL DUAL,,,Óvulo,Otro,,,Medicamento vaginal,,,,,,Temperatura Ambiente,No,No,
CHU-313,Óvalos Multygín,,,Óvulo,Otro,,,Medicamento vaginal,,,,,,Temperatura Ambiente,No,No,
CHU-314,Óvalos Mücospan,,,Óvulo,Otro,,,Medicamento vaginal,,,,,,Temperatura Ambiente,No,No,
CHU-315,Omeprazol 40 mg,Omeprazol,,40mg,Ampolla,Gastrointestinal,,,Inhibidor de bomba de protones,,,,,,Temperatura Ambiente,Sí,No,
CHU-316,Omeprazol 20 mg,Omeprazol,,20mg,Comprimido,Gastrointestinal,,,Inhibidor de bomba de protones,,,,,,Temperatura Ambiente,Sí,No,
CHU-317,Ondansetron,Ondansetrón,,,Ampolla,Gastrointestinal,,,Antiemético inyectable,,,,,,Temperatura Ambiente,Sí,No,
CHU-318,Paracetamol jarabe,Paracetamol,,,Jarabe,Analgésico,,,Analgésico antipirético,,,,,,Temperatura Ambiente,No,No,
CHU-319,Paracetamol 15 ml gotas,Paracetamol,,15ml,Gotas,Analgésico,,,Analgésico pediátrico,,,,,,Temperatura Ambiente,No,No,
CHU-320,Paracetamol vial,Paracetamol,,,Ampolla,Analgésico,,,Analgésico inyectable,,,,,,Temperatura Ambiente,Sí,No,
CHU-321,Pantosil jarabe,,,Jarabe,Otro,,,Medicamento,,,,,,Temperatura Ambiente,No,No,
CHU-322,Preservativo,Preservativos,,,Otro,Otro,,,Anticonceptivo de barrera,,,,,,Temperatura Ambiente,No,No,
CHU-323,Paracetamol 500 mg,Paracetamol,,500mg,Comprimido,Analgésico,,,Analgésico antipirético,,,,,,Temperatura Ambiente,No,No,
CHU-324,Paracetamol 100 mg,Paracetamol,,100mg,Comprimido,Analgésico,,,Analgésico antipirético,,,,,,Temperatura Ambiente,No,No,
CHU-325,Paracetamol 500 mg xmal,Paracetamol,,500mg,Comprimido,Analgésico,,,Analgésico antipirético,,,,,,Temperatura Ambiente,No,No,
CHU-326,Pañal haber 6g,,,Otro,Otro,,,Pañal para bebé,,,,,,Temperatura Ambiente,No,No,
CHU-327,Parcha bolv crema,,,Crema,Dermatológico,,,Crema tópica,,,,,,Temperatura Ambiente,No,No,
CHU-328,Pañal para recien meadn pequeñon,,,Otro,Otro,,,Pañal para bebé,,,,,,Temperatura Ambiente,No,No,
CHU-329,Pañal para adulto insumo,,,Insumo,Otro,,,Pañal para adulto,,,,,,Temperatura Ambiente,No,No,
CHU-330,Pañal para recién medn RN/U,,,Otro,Otro,,,Pañal para bebé,,,,,,Temperatura Ambiente,No,No,
CHU-331,Pañal para recién medn P/I,,,Otro,Otro,,,Pañal para bebé,,,,,,Temperatura Ambiente,No,No,
CHU-332,Palmuñas desechables,,,Insumo,Otro,,,Producto de protección,,,,,,Lugar Seco,No,No,
CHU-333,Prednicona 5mg,Prednisona,,5mg,Comprimido,Otro,,,Corticosteroide,,,,,,Temperatura Ambiente,Sí,No,
CHU-334,Prednisona 20mg,Prednisona,,20mg,Comprimido,Otro,,,Corticosteroide,,,,,,Temperatura Ambiente,Sí,No,
CHU-335,Prematadon 150mg,,,150mg,Comprimido,Otro,,,Medicamento,,,,,,Temperatura Ambiente,Sí,No,
CHU-336,Proctopirina suppositoris,,,Supositorio,Otro,,,Antihemorroidal,,,,,,Temperatura Ambiente,No,No,
CHU-337,Prifitera.probiótica salva,,,Otro,Gastrointestinal,,,Probiótico,,,,,,Temperatura Ambiente,No,No,
CHU-338,Pregastar gotas,,,Gotas,Gastrointestinal,,,Medicamento gastrointestinal,,,,,,Temperatura Ambiente,No,No,
CHU-339,Pargoxan comprimido 400mg,,,400mg,Comprimido,Otro,,,Medicamento,,,,,,Temperatura Ambiente,Sí,No,
CHU-340,Peñoes pequeños para plaza,,,Otro,Otro,,,Producto sin información,,,,,,Temperatura Ambiente,No,No,
CHU-341,Peñoles grandes,,,Otro,Otro,,,Producto sin información,,,,,,Temperatura Ambiente,No,No,
CHU-342,Pedegajos crema,,,Crema,Dermatológico,,,Crema tópica,,,,,,Temperatura Ambiente,No,No,
CHU-343,Playa compacty anthelad,,,Otro,Otro,,,Producto sin información,,,,,,Temperatura Ambiente,No,No,
CHU-344,Pivano d'argent b 3,,,Otro,Otro,,,Producto sin información,,,,,,Temperatura Ambiente,No,No,
CHU-345,Protector solar con color en crema,,,Crema,Dermatológico,,,Protector solar con color,,,,,,Temperatura Ambiente,No,No,
CHU-346,Proteinasas aquiosas mamama materna,,,Otro,Suplemento,,,Suplemento proteico,,,,,,Temperatura Ambiente,No,No,
CHU-347,Peni Bea 120010 U 10000 ampolla 63d,Penicilina,,1200000U,Ampolla,Antibiótico,,,Antibiótico betalactámico,,,,,,Refrigerado,Sí,No,
CHU-348,Penicilina benzatínica 1200000,Penicilina benzatínica,,1200000U,Ampolla,Antibiótico,,,Antibiótico betalactámico,,,,,,Refrigerado,Sí,No,
CHU-349,Penicilina benzatínica 2400000 ampolla,Penicilina benzatínica,,2400000U,Ampolla,Antibiótico,,,Antibiótico betalactámico,,,,,,Refrigerado,Sí,No,
CHU-350,Pentopramol 40 mg,,,40mg,Comprimido,Gastrointestinal,,,Inhibidor de bomba de protones,,,,,,Temperatura Ambiente,Sí,No,
CHU-351,Prueba para cavid insumo,,,Insumo,Otro,,,Prueba diagnóstica,,,,,,Temperatura Ambiente,No,No,
CHU-352,Prividona grande,Povidona yodada,,,Solución,Otro,,,Antiséptico,,,,,,Temperatura Ambiente,No,No,
CHU-353,Pomada alcanflor,,,Pomada,Dermatológico,,,Pomada con alcanfor,,,,,,Temperatura Ambiente,No,No,
CHU-354,Pinza basica,,,Insumo,Otro,,,Instrumental quirúrgico,,,,,,Temperatura Ambiente,No,No,
CHU-355,Piezas para depilar,,,Otro,Otro,,,Producto de depilación,,,,,,Temperatura Ambiente,No,No,
CHU-356,Pútro antiadera!,,,Otro,Otro,,,Producto sin información,,,,,,Temperatura Ambiente,No,No,
CHU-357,Ranitidina 50 mg,Ranitidina,,50mg,Ampolla,Gastrointestinal,,,Antiulceroso inyectable,,,,,,Temperatura Ambiente,Sí,No,
CHU-358,Ranitidina 150 mg,Ranitidina,,150mg,Comprimido,Gastrointestinal,,,Antiulceroso,,,,,,Temperatura Ambiente,Sí,No,
CHU-359,Rademcina,,,Comprimido,Otro,,,Medicamento,,,,,,Temperatura Ambiente,Sí,No,
CHU-360,Resfrial,,,Comprimido,Respiratorio,,,Antigripal,,,,,,Temperatura Ambiente,No,No,
CHU-361,Restridista,,,Comprimido,Respiratorio,,,Medicamento respiratorio,,,,,,Temperatura Ambiente,No,No,
CHU-362,Rasadarta papor handa selfica bolsa,,,Otro,Otro,,,Producto sin información,,,,,,Temperatura Ambiente,No,No,
CHU-363,Repelente spray,,,Spray,Otro,,,Repelente de insectos,,,,,,Temperatura Ambiente,No,No,
CHU-364,Reina matera sacheth,,,Otro,Otro,,,Producto sin información,,,,,,Temperatura Ambiente,No,No,
CHU-365,Romyador de somelho,,,Otro,Otro,,,Producto sin información,,,,,,Temperatura Ambiente,No,No,
CHU-366,Reina obvara bolsitas pastillas,,,Otro,Suplemento,,,Suplemento con jalea real,,,,,,Temperatura Ambiente,No,No,
CHU-367,Reina obvara adulto pastilles,,,Otro,Suplemento,,,Suplemento con jalea real,,,,,,Temperatura Ambiente,No,No,
CHU-368,Reina obvers propeleo valré,,,Otro,Suplemento,,,Suplemento con propóleo,,,,,,Temperatura Ambiente,No,No,
CHU-369,Recova anti.transpirante,,,Otro,Otro,,,Producto de higiene,,,,,,Temperatura Ambiente,No,No,
CHU-370,Resuracidaros,,,Otro,Otro,,,Producto sin información,,,,,,Temperatura Ambiente,No,No,
CHU-371,Resurocadarhus,,,Otro,Otro,,,Producto sin información,,,,,,Temperatura Ambiente,No,No,
CHU-372,Résuma pornada,,,Pomada,Dermatológico,,,Pomada tópica,,,,,,Temperatura Ambiente,No,No,
CHU-373,Roxerra talco para pies,,,Talco,Dermatológico,,,Talco medicinal,,,,,,Temperatura Ambiente,No,No,
CHU-374,SHAMPU anticaspa,,,Champú,Dermatológico,,,Champú medicinal,,,,,,Temperatura Ambiente,No,No,
CHU-375,Sol de rehidratación oral sobre,Sales de rehidratación,,,Sobre,Gastrointestinal,,,Solución de rehidratación,,,,,,Temperatura Ambiente,No,No,
CHU-376,Sulfertamol aerosol,Salbutamol,,,Inhalador,Respiratorio,,,Broncodilatador,,,,,,Temperatura Ambiente,Sí,No,
CHU-377,SOLUCION PODOFILMA,Podofilina,,,Solución,Dermatológico,,,Solución cáustica,,,,,,Temperatura Ambiente,Sí,No,
CHU-378,Sonda Foley n 16,Sonda Foley,,16,Insumo,Otro,,,Dispositivo médico,,,,,,Temperatura Ambiente,No,No,
CHU-379,Sonda Foley n 18,Sonda Foley,,18,Insumo,Otro,,,Dispositivo médico,,,,,,Temperatura Ambiente,No,No,
CHU-380,Sonda rectal,Sonda rectal,,,Insumo,Otro,,,Dispositivo médico,,,,,,Temperatura Ambiente,No,No,
CHU-381,Sonda nasogástrica pediátrica,Sonda nasogástrica,,,Insumo,Otro,,,Dispositivo médico pediátrico,,,,,,Temperatura Ambiente,No,No,
CHU-382,Sonda nasogástrica adulto,Sonda nasogástrica,,,Insumo,Otro,,,Dispositivo médico,,,,,,Temperatura Ambiente,No,No,
CHU-383,Solución glucosada 1000 ml suero,Solución glucosada,,1000ml,Solución,Otro,,,Solución intravenosa,,,,,,Temperatura Ambiente,No,No,
CHU-384,Sulfato mixenia para bebos 7mited,,,Otro,Otro,,,Producto para bebés,,,,,,Temperatura Ambiente,No,No,
CHU-385,Solfato lervoso,,,Comprimido,Otro,,,Medicamento,,,,,,Temperatura Ambiente,Sí,No,
CHU-386,Solución ringer normal 500 ml,Solución Ringer,,500ml,Solución,Otro,,,Solución intravenosa,,,,,,Temperatura Ambiente,No,No,
CHU-387,Solución ringer lactato 500 ml,Solución Ringer Lactato,,500ml,Solución,Otro,,,Solución intravenosa,,,,,,Temperatura Ambiente,No,No,
CHU-388,Solución glucosada 500 ml,Solución glucosada,,500ml,Solución,Otro,,,Solución intravenosa,,,,,,Temperatura Ambiente,No,No,
CHU-389,Solución fisiológica 500 ml,Solución fisiológica,,500ml,Solución,Otro,,,Solución salina intravenosa,,,,,,Temperatura Ambiente,No,No,
CHU-390,Somapro para bebe,,,Otro,Otro,,,Producto para bebé,,,,,,Temperatura Ambiente,No,No,
CHU-391,Siposotorio paracetamol,Paracetamol,,,Supositorio,Analgésico,,,Analgésico antipirético rectal,,,,,,Temperatura Ambiente,No,No,
CHU-392,Suposotorio bromoquid,,,Supositorio,Respiratorio,,,Medicamento respiratorio,,,,,,Temperatura Ambiente,No,No,
CHU-393,Suposotorio de glacerina lactante y niños,Glicerina,,,Supositorio,Gastrointestinal,,,Laxante pediátrico,,,,,,Temperatura Ambiente,No,No,
CHU-394,Somapro ampolla tube en 60,,,Ampolla,Otro,,,Medicamento inyectable,,,,,,Temperatura Ambiente,Sí,No,
CHU-395,Tegader,,,Comprimido,Otro,,,Medicamento,,,,,,Temperatura Ambiente,Sí,No,
CHU-396,Tramadol,Tramadol,,,Ampolla,Analgésico,,,Analgésico opioide,,,,,,Temperatura Ambiente,Sí,Sí,II
CHU-397,Terbinefine crema,Terbinafina,,,Crema,Dermatológico,,,Antifúngico tópico,,,,,,Temperatura Ambiente,No,No,
CHU-398,Tarracalin suspensión 200 mg,,,200mg,Suspensión,Otro,,,Medicamento,,,,,,Temperatura Ambiente,Sí,No,
CHU-399,Termas Diarrafan suspensión muestra,,,Suspensión,Gastrointestinal,,,Antidiarreico muestra,,,,,,Temperatura Ambiente,No,No,
CHU-400,Tarracalin suspensión muestra,,,Suspensión,Otro,,,Medicamento muestra,,,,,,Temperatura Ambiente,No,No,
CHU-401,Typirix capsulos,,,Cápsula,Vacuna,,,Vacuna contra fiebre tifoidea,,,,,,Refrigerado,Sí,No,
CHU-402,Test de embaraveo insumo,,,Insumo,Otro,,,Prueba diagnóstica,,,,,,Temperatura Ambiente,No,No,
CHU-403,Tapón heparinizado,,,Insumo,Otro,,,Dispositivo médico,,,,,,Temperatura Ambiente,No,No,
CHU-404,TDMA TODO vidito bolsa,,,Otro,Otro,,,Producto sin información,,,,,,Temperatura Ambiente,No,No,
CHU-405,Tormentú plástico de bebe,,,Otro,Otro,,,Producto para bebé,,,,,,Temperatura Ambiente,No,No,
CHU-406,Tigre para bebe,,,Otro,Otro,,,Producto para bebé,,,,,,Temperatura Ambiente,No,No,
CHU-407,Tosisn FA 100 ml jarabe,,,100ml,Jarabe,Respiratorio,,,Antitusivo expectorante,,,,,,Temperatura Ambiente,No,No,
CHU-408,Tosisín 100 ml jarabe,,,100ml,Jarabe,Respiratorio,,,Antitusivo expectorante,,,,,,Temperatura Ambiente,No,No,
CHU-409,Toxidian pastilla,,,Comprimido,Respiratorio,,,Medicamento respiratorio,,,,,,Temperatura Ambiente,No,No,
CHU-410,Texirol,,,Comprimido,Otro,,,Medicamento,,,,,,Temperatura Ambiente,Sí,No,
CHU-411,Vitamina A 200,000 UI,Vitamina A,,200000UI,Cápsula,Suplemento,,,Suplemento vitamínico,,,,,,Protegido de la Luz,No,No,
CHU-412,Vitamina c 1 g,Vitamina C,,1g,Ampolla,Suplemento,,,Suplemento vitamínico inyectable,,,,,,Protegido de la Luz,No,No,
CHU-413,Vitamina c masticable,Vitamina C,,,Comprimido,Suplemento,,,Suplemento vitamínico,,,,,,Temperatura Ambiente,No,No,
CHU-414,Vit 5 masticables,Multivitamínico,,,Comprimido,Suplemento,,,Suplemento multivitamínico,,,,,,Temperatura Ambiente,No,No,
CHU-415,Vitaminas c,Vitamina C,,,Comprimido,Suplemento,,,Suplemento vitamínico,,,,,,Temperatura Ambiente,No,No,
CHU-416,Vitaminas K,Vitamina K,,,Ampolla,Suplemento,,,Suplemento vitamínico inyectable,,,,,,Protegido de la Luz,Sí,No,
CHU-417,Violeta degaliano 30 ml,,,30ml,Solución,Otro,,,Antiséptico,,,,,,Temperatura Ambiente,No,No,
CHU-418,Venda adhesiva 5cm,Venda adhesiva,,5cm,Insumo,Otro,,,Material de curación,,,,,,Lugar Seco,No,No,
CHU-419,Venda elástica 20 cm x 4.5 mts,Venda elástica,,20x450cm,Insumo,Otro,,,Material de curación,,,,,,Lugar Seco,No,No,
CHU-420,Venda elástica 15 cm x 4.5 mts,Venda elástica,,15x450cm,Insumo,Otro,,,Material de curación,,,,,,Lugar Seco,No,No,
CHU-421,Venda elástica 10 cm x 4.5 mts,Venda elástica,,10x450cm,Insumo,Otro,,,Material de curación,,,,,,Lugar Seco,No,No,
CHU-422,Venda elástica 7.5 cm x 4.5 mts,Venda elástica,,7.5x450cm,Insumo,Otro,,,Material de curación,,,,,,Lugar Seco,No,No,
CHU-423,Venda elástica 5 cm x 4.5 mts,Venda elástica,,5x450cm,Insumo,Otro,,,Material de curación,,,,,,Lugar Seco,No,No,
CHU-424,Venda de gaso 7.5 cm x 4.5 mts,Venda de gasa,,7.5x450cm,Insumo,Otro,,,Material de curación,,,,,,Lugar Seco,No,No,
CHU-425,Venda de gasa 10 cm x 4.5 mts,Venda de gasa,,10x450cm,Insumo,Otro,,,Material de curación,,,,,,Lugar Seco,No,No,
CHU-426,Venda de gaso 15 cm x 4.5 mts,Venda de gasa,,15x450cm,Insumo,Otro,,,Material de curación,,,,,,Lugar Seco,No,No,
CHU-427,Venda de gaso 7.5 cm x 4.5 mts,Venda de gasa,,7.5x450cm,Insumo,Otro,,,Material de curación,,,,,,Lugar Seco,No,No,
CHU-428,Venda de gaso 5 cm x 4.5 mts,Venda de gasa,,5x450cm,Insumo,Otro,,,Material de curación,,,,,,Lugar Seco,No,No,
CHU-429,Vaso oalactor hecas insumo 60 ml,,,60ml,Insumo,Otro,,,Material medición,,,,,,Temperatura Ambiente,No,No,
CHU-430,Vaso aalector orina insumo,,,Insumo,Otro,,,Material recolección,,,,,,Temperatura Ambiente,No,No,
CHU-431,Vaso unlector de esputo,,,Insumo,Otro,,,Material recolección,,,,,,Temperatura Ambiente,No,No,
CHU-432,Vaporupt tunaipiente crema,,,Crema,Respiratorio,,,Descongestionante tópico,,,,,,Temperatura Ambiente,No,No,
CHU-433,Vasolina perfumada,,,Otro,Dermatológico,,,Emoliente,,,,,,Temperatura Ambiente,No,No,
CHU-434,Vasolina perfumada pequeña,,,Otro,Dermatológico,,,Emoliente,,,,,,Temperatura Ambiente,No,No,
CHU-435,Vasolina liquida 30 ml,Vaselina líquida,,30ml,Líquido,Dermatológico,,,Emoliente,,,,,,Temperatura Ambiente,No,No,
CHU-436,Woltuue jarabe 120 ml jarabe,,,120ml,Jarabe,Respiratorio,,,Medicamento respiratorio,,,,,,Temperatura Ambiente,No,No,
CHU-437,Woltune jarabe 200 ml jarabe,,,200ml,Jarabe,Respiratorio,,,Medicamento respiratorio,,,,,,Temperatura Ambiente,No,No,
CHU-438,Yombal antissespirante,,,Otro,Otro,,,Producto de higiene,,,,,,Temperatura Ambiente,No,No,
CHU-439,Yombal perfume varón savour,,,Otro,Otro,,,Producto de higiene,,,,,,Temperatura Ambiente,No,No,
CHU-440,Yombal calabria spray,,,Spray,Otro,,,Producto de higiene,,,,,,Temperatura Ambiente,No,No,
CHU-441,Yombal beloa liquida matificante,,,Líquido,Otro,,,Producto de higiene,,,,,,Temperatura Ambiente,No,No,
CHU-442,Yombal polvo compacto,,,Otro,Otro,,,Producto cosmético,,,,,,Temperatura Ambiente,No,No,
CHU-443,Veda povidona crema,Povidona yodada,,,Crema,Dermatológico,,,Antiséptico tópico,,,,,,Temperatura Ambiente,No,No,
CHU-444,Veda povidona frasca 125ml,Povidona yodada,,125ml,Solución,Otro,,,Antiséptico,,,,,,Temperatura Ambiente,No,No,
CHU-445,Yodino frasca 30ml,Yodo,,,Solución,Otro,,,Antiséptico,,,,,,Temperatura Ambiente,No,No,
CHU-446,Yesa 15 cm x 3 mts,Yeso,,,Insumo,Otro,,,Material de inmovilización,,,,,,Lugar Seco,No,No,
CHU-447,Zinc 100 ml jarabe,Zinc,,,Jarabe,Suplemento,,,Suplemento mineral,,,,,,Temperatura Ambiente,No,No,
CHU-448,Zinc 20 mg,Zinc,,20mg,Comprimido,Suplemento,,,Suplemento mineral,,,,,,Temperatura Ambiente,No,No,
CHU-449,Vacunate Sobre Reanatura 6,5,3 Dilucolma,,,Sobre,Gastrointestinal,,,Probiótico,,,,,,Temperatura Ambiente,No,No,
CHU-450,Yombal polvo compacto,,,Otro,Otro,,,Producto cosmético,,,,,,Temperatura Ambiente,No,No
